Study_Hours,Attendance,Past_Scores,Exam_Scores
4.370861069626263,59.25664644193098,53.0852841867953,40.7506055367015
9.556428757689245,77.0950473689179,52.348939953599995,45.740797447714556
7.587945476302646,93.64729179382041,85.31272902605184,60.14103105248512
6.387926357773329,86.61124432047805,52.477309992475305,37.45195828099266
2.4041677639819286,90.32805739307248,53.59748630643155,50.19905014237598
2.403950683025824,82.93916833553587,77.96991312089818,50.54055736630983
1.5227525095137953,84.61382822589263,62.486992122527,42.892961412100384
8.795585311974417,92.45978257826596,78.83552784775907,55.62376958930853
6.41003510568888,62.483400442959294,43.26830787821926,25.40835037413752
7.372653200164409,74.47124818215703,64.37855968366921,46.64726769721698
1.185260448662222,61.06047209098011,41.680680009164135,26.149592268597804
9.72918866945795,99.38340039983234,43.13266017276773,39.883142210345525
8.491983767203795,97.20296698433066,85.32187266722055,50.54244947125742
2.9110519961044856,51.9713405684253,46.96226855587976,36.407945410682935
2.636424704863906,85.27875862578442,66.62103411376086,43.4781907353452
2.650640588680904,96.26241587078329,60.554780130035326,55.774053585300436
3.7381801866358395,59.02876725636668,57.36716631294213,33.73504483018549
5.72280788469014,78.39726152763147,84.99166728436361,42.769012009509844
4.887505167779041,95.77441487940209,41.091169838774476,37.43205528282129
3.6210622617823773,51.69729892928994,73.18948430877946,45.093517976168464
6.506676052501415,84.871013362342,88.16972171067752,53.73540005322308
2.2554447458683766,64.86745036862754,68.0084091730921,38.023499278410235
3.629301836816963,96.21980976882652,86.84112310165459,57.17009172513506
4.297256589643226,98.55291225826838,42.612893964301186,46.57755818346588
5.104629857953324,97.2133244556717,60.93966595370807,55.07474314550756
8.066583652537123,73.71071083287319,53.007889548102554,48.4847097247722
2.7970640394252375,93.10213254946567,76.54104824903649,50.21293662637531
5.628109945722504,92.22746992675351,89.06485452486234,50.00870288336357
6.331731119758382,65.95502366216279,52.82650312221239,36.09982467759953
1.4180537144799796,91.44577370753387,72.70873007370372,51.1149751530777
6.467903667112945,51.85038173577463,49.904881637987,28.294945847920612
2.5347171131856236,79.81349392410266,68.2665127285805,40.65213426660399
1.5854643368675156,61.50044186438515,63.19662433441681,39.762245002137014
9.539969835279999,56.02834428886394,88.60026648157685,46.96130940739199
9.690688297671034,53.84766008146046,70.42636363482333,41.32246741101149
8.275576133048151,84.81443879390699,57.47531860434094,42.20468099919329
3.741523922560336,66.9937481884033,45.704789244396665,34.15416722783529
1.8790490260574548,86.23833857643808,47.56234143674673,36.270657893036905
7.158097238609412,53.26781703994712,51.26584649756175,38.67433001232036
4.961372443656412,65.76451689153052,52.5483330670149,42.65465063864495
2.0983441136030097,76.97456461876686,82.5308028920569,39.46000858749787
5.456592191001432,89.53615824194819,68.06113941412625,44.81427187226085
1.3094966900369656,65.9376251466035,66.16954556871832,32.67330361516093
9.18388361870904,81.29456882185045,45.73844359346087,38.53333750004252
3.3290198344001523,94.29888741180935,83.00698466747176,54.10617970859258
6.962700559185838,80.79315940911523,76.14071516042418,42.617016496043505
3.8053996848046987,61.64797373768169,43.38341809500008,28.422278358099845
5.680612190600297,51.220039077826904,75.39175486148844,35.23599619762723
5.920392514089517,93.50494369504649,67.1769108671323,51.60905002128417
2.6636900997297435,51.063470542519354,44.08626728733891,29.95711907403063
9.726261649881026,93.73508363420997,62.91503207643282,47.27685160645898
7.976195410250031,76.4468567013606,64.23481435650234,46.27908384215588
9.455490474077703,96.95338492564481,48.28872700816379,44.62142934683733
9.053446153848839,89.93916178868326,87.28490735001412,55.430323651518485
6.381099809299767,99.89670552666686,82.4987685740331,65.63834260542258
9.296868115208051,67.53559077258551,73.45111686645541,52.71706479674724
1.7964325184672756,88.35941444655634,63.11477805003036,39.66292457172493
2.763845761772307,70.0965456804621,60.58827707922542,44.45964722201104
1.4070456001948426,73.99378101519544,72.5486733575477,48.58253732435884
3.927972976869379,81.37527316091851,67.27159347034527,40.42393273636379
4.498095607205338,93.68385570931693,43.11365529409428,46.9323797626798
3.442141285965063,99.20417345996475,65.62513243851659,58.51530787599319
8.458637582367365,88.41367069322591,80.32018086164197,48.39088646818523
4.210779940242304,70.8883391083667,62.9619938798479,37.25189776748998
3.5284105871864266,71.06785011385351,42.59782887771342,40.599375266562156
5.884264748424236,86.87911507944457,79.31390996920166,53.5690899680918
2.2683180247728636,61.938857288415115,50.06818910679872,37.26682250467091
8.219772826786357,55.52370565656973,52.93104174440194,37.52727943300852
1.6709557931179373,67.73110788203883,48.235317671614794,37.411789587983975
9.881982429404655,64.36194958270409,56.51075324357488,33.58224317809013
7.9502029236699165,64.81540602279951,77.83757528443175,51.21256409474458
2.7884411338075514,61.680387552495496,65.96929297519686,45.2582305739696
1.0496990541124216,52.104659481818096,50.24406370753563,29.977542858110947
8.339152856093508,50.89369673667069,83.89150390760204,43.55383658664991
7.361716094628554,99.38611948680158,83.97909274757646,50.29871259538622
7.561064512368886,71.38865668679311,83.52892125230034,52.07097296676476
7.941433120173512,69.21633235798409,51.93981056907697,42.383703334758444
1.6664018656068134,83.9823641346535,62.561967209049406,44.31890506435704
4.226191556898454,60.912694393253204,89.24948280704376,52.36089658220098
2.0428215357261674,97.49805919751127,78.60062381549952,51.976347363293996
8.767930832880342,89.3172507207776,41.35837106127799,45.53288849723682
6.609683141448022,54.47055011561297,43.2602295630246,26.864785466709904
3.9780822236738427,70.87903878924642,63.196568840616635,41.69615442405727
1.5720251525742128,93.95591537810824,85.461010293078,53.582116472871384
3.79884089544096,97.2366011145705,66.93508989763572,51.89758327204296
3.9266498982407234,73.37007556249348,64.89062540171452,41.20123560439189
7.566455605042576,80.67056946053539,45.27368499783153,40.15249560116877
6.738017242196918,58.35169730460376,72.8390052362147,46.18265351633183
8.98491468318694,99.55843130684883,81.10515803001127,55.60922148814172
5.249934326457543,61.58358506917217,59.021000375378115,30.248463860254706
2.0763482134447155,97.13658870675629,78.78059254626638,62.353613182311776
7.419203085006955,82.48233244961843,88.22383269504058,61.08680117085292
7.847065437552077,80.38683974394296,50.188322956384454,35.85006150959096
6.051494778125466,75.63442555082543,66.16648155973706,48.409409070644905
7.938704619591049,61.53349058588793,54.356897904228774,35.42772454211472
5.444160367279517,58.82640160027542,79.64272095169197,45.03583698915732
5.704595464437946,61.02431045350877,68.87966829405788,42.72415245511264
4.847869165226946,59.32191310721272,71.72912087751519,40.08241885992754
1.2287721406968566,88.97922367833766,79.8957079807947,47.23516002608647
1.97102284293974,67.5062629583365,59.79852363312274,35.52713985303237
1.2828626711806081,52.89213382816982,85.75450342035217,37.52617666562263
6.727693701374023,98.45513150704056,66.65144336230699,48.06393890020165
3.82920382968694,94.18929424817128,47.8977411417674,43.8219006986096
5.577136220482325,96.38761415976064,74.79495590844013,50.0068255630994
9.168098265334837,99.74539113232177,79.66306752191272,60.90003723096738
3.2436300623398746,58.69476246097437,55.83808385337633,43.0935366959208
4.693446307320667,69.81210094513294,82.85896284993765,44.778431454599236
7.799960246887438,87.91192378520456,85.30716273828833,56.28273255847973
3.059183489424602,84.8010309026896,53.84522436889045,45.31597552875853
1.6928191884591368,57.69479531699275,89.1760736357611,47.09839971580619
3.6077630762239123,90.79165624953089,47.03557640243792,43.17105136566064
2.4509915852860398,61.22202859183304,50.1007834201245,38.09065232950029
9.367278871083158,61.19088074113115,49.21124196190131,39.27879312274629
8.273083416079754,76.84872114467068,84.69948550039352,45.58538324831467
6.700633808593811,79.64699674208515,72.7146276162481,52.73452115288386
8.84314531168946,79.00431039189056,47.60521416111364,45.95656967691075
8.23304869209203,54.574341869887746,62.016170918417444,34.453942792435456
2.6791305299743224,93.87304313151901,70.76490125349011,50.652724704730474
9.0330309864098,63.2800021294353,44.173204249469165,39.26581927229061
5.854080177240856,56.47574606414021,84.12081842036693,43.474032318351675
8.266961396476564,94.43740399344887,80.18017677207675,61.05694902707836
9.06482169931144,97.78257491148767,65.26033867883191,64.35816522991725
3.8620312747467747,93.10638086327253,88.35633076295852,52.053695834593114
1.9904673207490908,90.4758037362439,60.88804896375498,39.30011972253043
3.051416462877475,82.7620990319511,89.20551595182489,54.329944058308165
4.843970097636307,77.54286853045696,73.39599994018135,50.82706110587674
8.362132893302437,54.34933799557051,71.73356366269707,40.0153917855774
8.74657524930709,70.42266065353493,48.29774476478925,46.38105504182526
1.0625691747807164,68.6344258506157,84.0963879152322,39.551242801050414
5.596725723198092,62.98768918801631,61.37448439603076,43.01193547965141
4.7566990283390105,86.17100568442925,48.111670289123964,39.158178299607094
2.9989702942365724,74.79378675393855,40.630375998787954,44.423726474549056
2.0787883060031453,54.0523107953824,67.98778418191912,47.406120581432305
4.038536542632651,61.009160097490565,66.36998110613382,35.99587403922364
9.486187335212673,84.16293818297979,75.96768111845793,49.085875044973484
3.908826388186797,53.80654297451501,84.51290265089011,47.35730367779526
5.669115595690295,92.56034570243844,43.97032923215148,41.291195469705514
7.3271706300566,74.75732635069872,76.57482451701811,48.1034574226765
4.272666421413646,74.0293288663324,49.37059720487911,38.85598649264096
9.746038744488645,79.62038923297588,82.9088526578582,43.0588222840574
9.662025654479,91.23404829625746,80.95317569308281,55.45178872812249
3.2660406624282774,67.39046039510966,67.03968774927722,38.186821837966505
5.475236553031469,83.90080762795318,75.51213993116558,47.548364776949356
3.707904788350927,78.28659819978955,55.717505659187424,48.90255309037753
3.5635644493972087,63.35141350847107,63.55839494664073,33.21583384489614
1.3319825261907952,93.9314993177579,81.08184488552358,57.102822205200646
6.486079005819072,89.8713010803464,62.96325985866069,47.049985232370716
5.524111209059753,82.92259173292128,57.88991326627209,43.05459514090274
1.463308761249904,92.52908645471209,64.710622362515,51.709095629926644
3.507818178129503,93.36471004799012,81.41246262186093,55.536535545051564
9.174392973699883,85.41814883575174,56.76040236854364,49.17638753686622
3.1560570160027517,91.85066641818361,48.68807965678719,48.26496993155665
2.304053848821008,84.87357308346418,75.60070101653903,47.40736185361275
5.405074842498067,84.00703858801502,81.2989106354041,48.69263103148621
9.870854086995406,80.93056891075922,45.031873926176665,36.31132185308993
3.178497443603504,87.63583197788206,51.993705637797234,39.03320761225041
7.049219926652907,57.93025526465368,47.09859948804969,49.0738165230158
7.854576537958458,94.04353795994642,57.39707057910833,54.79741108058374
3.1387378959315972,93.5921763872616,62.51754894527063,41.3330409270922
7.553947137506736,51.462364151727954,77.44131684816531,35.080393371252825
4.3100481944732785,91.29083752823814,72.5573792440837,53.28781461807832
6.690752475342215,56.44349337367226,71.04642837392156,43.65960150130487
6.7017673968480524,66.7559427129571,57.61874733048272,42.73753314835799
5.821972156672826,87.1754128145804,82.072377654238,51.82834703554616
1.8126079304896747,58.03799480241541,63.56435836990823,36.57847782387846
8.51772246030314,90.8983512059531,88.95524690075773,59.00256603693129
3.8870205847456223,91.6067088978871,71.70710691478683,50.978418009167086
2.678666593598688,75.37338668804182,46.313237078225136,26.480951903581886
1.3669762739928752,50.31929358584168,73.80887810377169,36.63624386360519
6.318036488694176,64.35190665874563,56.25520077158495,34.45231465327527
7.098079256580542,80.84634591878711,74.31635983430488,50.26410052310237
1.1492904603507053,99.05930890137117,43.48205740812028,58.148421090004774
5.608837524693529,81.59067635083342,48.744071858797966,43.18136780013835
3.0384619767814414,62.99017905320799,82.78686294528931,43.38084895939978
6.806555113685048,81.70028515498056,51.358977851175744,47.249408457207174
2.569297861044923,76.99926898579278,81.852056262147,51.09655615484596
7.218439642922194,88.99226975755718,53.96380442272052,47.874670563511394
4.480618116704837,55.34903194134792,72.14409550293539,43.07443844604528
9.43056989863061,88.05139512510141,74.70752867549155,62.88262292377783
2.2376884973139393,77.06332893380551,65.63273765725265,38.049453199613446
4.069597159452327,98.14960019294973,55.26553383483656,50.020539456174085
2.021261691165302,67.0936083019343,50.632218818554804,31.494347162705154
9.322242564507064,81.6310946566974,41.659467728121314,43.493628972959684
8.896054180428829,96.60140527550087,55.19732006203619,44.50460671600217
3.3214746494364005,55.12548639953396,72.65813952656416,37.57684356957857
6.939856414307611,96.86142436182256,86.91524092242413,56.43349257980752
8.354999801810942,84.39428611504067,83.5602241131526,58.6074365859059
5.996807304395161,53.39185295525859,78.30323882676512,46.49952267607725
5.766855205204059,65.04817834734081,79.42236716266493,39.41931885285142
3.1766706181040654,85.40860443226407,73.24924517379976,49.14269368406002
1.837924910253093,53.36753007343859,53.01434287830015,29.101832575876998
9.074941821579941,79.10852300881366,85.3597515352915,46.67793453848685
9.103762514469974,67.29415284764784,73.53661559529169,44.805650286547994
6.697913115459412,81.04577588837385,68.02203154902199,45.85709353512342
4.051268119438307,52.28710169062564,45.54947346067405,43.10506222489284
4.142886171513948,93.57684030761882,62.35277719032127,50.600838844791085
7.533601109832154,98.67444845886985,63.01791356009632,44.63306154585152
9.073992339573193,98.44389276428458,83.2281804761335,55.30734888709999
8.983777818386056,87.48259158714623,67.33241100938943,55.144928383462116
8.018879912718614,56.5043120065316,59.02002744852048,48.307067665952694
6.77828481538859,87.91315979645113,88.84001642553297,47.80735023156087
1.7572596849554394,51.229345822940076,45.536029666315784,20.33289459506371
2.454658426851524,51.106177576449866,61.127421415597226,44.00676894521365
9.086987696743714,66.18051095747705,42.10123375857027,38.0673893803662
6.457861536936309,74.43215952023328,76.99520603834651,43.66989062296663
1.0827734645496667,88.52037089038966,85.90382760995753,55.433514366536194
1.913243885794289,84.16476883032526,54.00186647752447,29.036549451588243
6.971515921972502,72.29513531883742,82.91708383995604,49.36914964941284
1.0455542546159682,63.68133331408329,54.610911523094885,37.54500101721526
2.4472724627574878,99.85622500788556,85.53850808219576,61.21867960981653
5.938604104299275,71.30906511179865,77.6980951798392,42.008109967748375
7.227056779234239,72.56935121648377,80.24533884207193,49.16366553627721
6.867651335523405,58.181191059583455,40.90032778002273,27.844393055793276
3.018423785145038,89.74047743749647,88.1405178537013,55.84858687978893
7.409612992127823,84.68411128907442,76.33354960351616,46.79241185281318
3.135241787471201,61.03848063943802,55.23755476930667,34.09640314181078
3.9285972834334095,54.11905228079213,81.46973324294234,37.268997596542555
7.718422646062217,84.02496510373565,54.0760599207465,47.77335777488782
6.846696091424932,82.72556071405677,83.6376919783064,56.93990982756225
8.6430106944476,63.662976349910466,45.62901952059685,35.07170018914416
6.91851603070309,97.54317811252051,75.18429887303978,54.77683948274945
6.114777430019244,57.55289458904501,67.03492383224551,32.57929942522713
1.8430729104528323,71.6167400521301,44.82672350977204,34.171884992717835
4.309442227534902,97.18079600837994,52.09469141294195,46.255400032201806
3.386821309135529,70.98636584630611,40.62020181386574,47.94066427685564
3.195906790411752,81.92629738320429,63.43839827322529,39.32793628422276
9.75709499277201,69.87971989813971,55.06326303800002,48.70661907171291
4.537879522000844,63.7107601174335,69.91787421488795,46.888035975825815
9.02841899659402,99.19888239799141,54.86189038543086,51.232781456114964
6.680247633975366,70.46670031575215,54.995955575349235,49.103998241896235
8.153301731874835,94.70496018395673,77.15965993658017,56.68123409194532
5.523733837946729,61.49773029455431,42.40714179891767,35.32675114155993
6.192134961637232,60.655235201254165,85.14474975959936,45.951246207823225
5.432659244369775,51.55670414422557,82.61319371955906,48.54187746897644
2.7571868901824006,82.58334126879424,73.39023416132034,53.377293554161746
7.502069037353548,68.42631718618806,69.66107850536922,41.29865988492754
3.526951261967702,93.21791249198185,84.61512490698262,48.16445575148258
1.2188436978830846,73.66049533457786,49.26650897643572,36.350735585479015
6.80925066316451,98.40967139573608,43.948458109541434,41.43094629486082
2.5939961146634403,59.27627578515606,51.9755084954769,34.095510856978485
9.464127259176228,93.43115839778054,79.72891393500952,61.9208632769282
9.585357193023286,88.82984263958708,41.733513336324165,40.71664139454873
9.233779511984036,88.5460922322026,69.14034175417449,50.78532509414886
4.331428302298999,92.23916140584438,89.7718758095655,56.62599615958454
1.1391095487598069,88.05119954714993,82.78480469187697,55.94859950223841
9.354867063289529,81.31101608157077,66.07228445217947,36.72249031551786
4.8536573348558285,56.56224388411938,43.18204546433212,28.8312482646513
9.699893371393026,51.6263089745626,81.5686757192855,44.894871218108996
9.672579793803276,96.04239239078434,69.94892540886053,59.666822039549075
8.677085099206241,80.8325157260369,45.746649852978344,38.985071475856046
3.6500400286262713,89.82686454880881,44.69286424116781,32.43317111823413
4.465879557417328,74.0761175756275,85.48134097182961,52.75214661703475
8.660230043651712,55.86540944811972,73.46001314690392,39.084906851839634
3.852298046406499,56.259289610127524,81.46433996583778,36.909674795900386
2.5254347201748324,84.27826436144858,83.94894501411336,48.35660975217239
6.0112113621251515,71.51529474497313,68.58861760241611,43.51303146078759
9.425392967447028,60.02623633501683,65.87231758775206,38.51600004111842
7.264268170074757,74.57972733707184,61.52137051604951,32.70820633847096
6.1305505308042845,53.21044685375671,55.847329389555966,39.654884069751176
1.8745884439369167,79.09857009571994,61.729798042935585,49.37272102556503
6.535065040292528,63.449670221754886,78.69398278650782,48.51473187529335
9.91048465093837,89.87795503185941,70.09617155075658,46.26800348303606
2.260756137128716,65.51809794617868,84.62616449774231,44.94012351829019
5.664966871273631,72.76100745409006,62.16900071895938,42.712382624277
8.8963576473516,50.58102699540503,70.35447893593769,42.83316678615301
7.66691755978784,53.62234438972794,71.56537765459944,43.96478608080376
7.273141668957412,69.62467782033424,69.58485811531628,41.00124845438564
7.322356755883983,73.99694173585618,75.13168865427582,48.07750960146099
4.2354203609777965,80.00102740596519,51.871673418740315,43.54238041487898
3.64232659838044,64.58312893546517,65.61818887728953,47.796437593912415
8.284250399306622,84.74909430632712,45.21124014041738,45.82433319286962
8.291020552112627,93.00611985946023,59.22556638224063,52.9311975302329
8.803650867220934,88.99254944466749,64.38335343106323,49.95336434925439
9.219164973008242,51.980941267417855,72.61121297727362,48.11760798862826
5.60208158974844,74.02534736289145,87.52655262931017,52.75521661335735
5.513646652184796,55.246508920908745,70.03255332741779,35.48373778450402
8.184656610700976,62.10225079312637,77.17969580882799,52.07529647549265
6.849675376999887,99.33312966335733,65.31330297476013,55.62331630493033
7.31770189531933,57.12477714507566,71.70520156881656,39.36085426665299
8.16213402492491,74.9444076725678,43.54661080668867,36.41469431675069
9.010048076358096,80.90778671590596,52.71957904209235,45.17510668364654
4.041956411663822,85.12324852720519,58.09265466025693,46.897477497242086
4.380246573759496,77.98243417434571,63.62466775032568,45.220690535061244
1.845837458567821,50.48854237095918,42.282437275119186,30.12617224446506
6.204521268965566,66.3230654121996,47.001204877665884,44.97887646742777
1.3234804641706788,75.88558216923558,53.84071538956529,44.80499721448297
5.190382163192141,54.39332495724167,88.57663454505254,45.920318672290236
5.883801712368189,67.53134656045904,56.56735035515254,44.28968266346817
3.5788712691545594,51.66015543956833,64.10205290560413,30.997591493575865
6.317499345121097,53.928924857751035,49.80488563691965,35.636778136183686
1.2745022494514449,69.8461638100798,70.5390035537884,51.67188285760659
1.3361336987429298,56.63578770215302,54.03416077579872,32.64520854592082
8.403405045936925,78.3770424130779,50.34962892192134,37.74119377577912
4.241715772701366,84.47324845686329,65.82863142229895,43.52680582986392
2.143544613866963,90.02933495545415,40.27528995802104,34.5006401328774
5.700189340493239,60.007512212240506,40.383201632461265,28.47348034896931
7.9299419778874976,58.37412911295349,50.95344045509289,34.117707168618765
2.9423892474715885,55.228392016720015,41.83606812504106,23.26845864562375
6.606014282371002,81.82151247718184,45.40128770653457,40.88733743781133
1.768127184943912,85.32378632434506,56.94303246693758,47.8986823802956
1.4651354905174694,51.5793072412821,80.12928397899064,35.55985066155421
5.782191684113332,96.81061231218449,68.60243216846504,59.53320963604904
5.865716094490959,52.59856418257362,65.63338629782082,40.369832024552686
6.736869113483859,77.06481676505352,54.67444116040608,47.36942795115171
7.534822003503954,85.45302597254582,86.58768597164081,51.33696961539688
9.782668715162812,93.54845618730428,59.85075206185958,54.20545609614736
5.646703134710758,85.70434660662139,44.35463833978857,35.81670723583073
3.9066082564712135,90.08640415348958,70.85332580589007,54.29579979458492
8.156675752918332,66.97250962714031,45.69191967383007,37.921195790426104
3.437490261358668,90.7412556873256,57.261157140084606,48.541976052690444
4.950742786350725,54.00574231923376,65.37059693589045,31.915225862953292
1.7061074320803935,94.74083280302638,83.71112623425878,49.74268147263468
1.2281566907391177,77.37961880768681,64.67732901700593,46.094488114970396
9.663835732101326,90.86488849812469,75.11293830158321,48.91714231163189
8.523821084609853,72.615914225915,89.64084194995351,54.40258674710011
7.263767854843282,82.17888475982625,46.57445599489908,34.695820336053686
4.680576499728429,76.32013304680567,53.73657627597598,45.130114460059204
2.559648880637612,86.5794760877666,59.72880377988232,38.753726938707175
2.4079333840397745,54.08149910152948,61.09140892694157,38.27654545055484
3.252186083481358,53.01760419952819,60.55105376327729,38.49962649046419
5.943039982355084,62.355161700507324,85.38055012782775,43.214070449294674
7.431363304300561,57.97723400565942,75.70163222334281,45.986338025844525
6.941776390459581,93.58917832961009,70.39526070453519,53.274253583095195
3.5194050725134858,60.960699367902215,55.46863589313911,33.6423533263541
9.593787525968747,98.79326279095656,81.18951921106473,52.78957619061285
7.641072250261916,66.84478958855534,87.75302557424945,39.62264499058331
5.989186472602606,59.10589578443496,81.05991412751132,46.193667799123396
6.5054867161091705,89.48492535712396,40.078255259573645,33.64713501464267
4.776400561850109,82.9353887750438,71.82006850917035,48.813918407210835
3.229578905510417,74.90978582265694,42.556769072105034,35.214556950221514
4.2037541078613545,77.76817754688156,52.880361016686095,44.271777089405816
7.820614994179322,85.96008891361319,42.97623501738858,40.298915679522935
1.1295413976678028,61.422737066564935,70.18977264746938,38.28833054154195
2.0446537645622462,99.8166958028371,74.32949567463034,56.7210724705066
1.4140237781957747,98.73965810733915,45.72438190329525,45.58011165988922
1.3665592208707311,82.51628431734684,59.19194415224898,44.639872015140924
8.699145256099065,59.97712254645725,62.811825447777096,42.66268044975256
7.332920734420213,84.01141212156458,58.452651088045826,37.994526640615675
5.267564461785927,53.60992044895879,46.05125002425965,35.78932032661481
1.8805074458590134,51.532625110290304,60.94738950937377,37.558551334310835
5.4245428760514915,62.884144425560685,77.55890239042091,39.21931555233259
5.261245937025091,73.13114783696582,43.550383226662774,35.88855532552761
2.5588168291901368,93.41362527041903,44.00900070409517,42.05377808589216
4.904664843141758,86.3584534883154,57.73856459179921,44.518487439282424
4.586542609576361,87.13532605999904,87.08628558094625,55.77040036895681
6.542650882469948,71.27466672240377,73.42863233614571,53.184883979708744
6.715842857808794,67.29674962734815,73.93349783362824,50.46424501978058
1.4077360879484007,68.55193814923014,58.09599954189325,31.996379775359344
4.371513531638241,99.3824781868029,69.68303956042692,55.57861068835449
6.632739241428127,52.005459570624126,40.50655920138717,37.05136792585168
5.528226327220789,93.35157480612243,71.80480232047711,53.69224627231419
8.7084085706949,78.93377042861967,85.66434737881184,58.317700896437245
6.928242684570505,71.93077095947953,70.62867341724096,55.60048261534817
2.466409843732867,86.26288302075682,83.68492967331724,57.08945547625027
1.6351187266038685,74.33344707123514,76.19865277330469,47.06022042221214
6.78177350385684,93.67116190408302,46.02792082018451,49.847876589246766
1.2386017948745964,95.03509320056293,85.12266536429209,55.267207452890794
6.2719802314611695,71.08604634367276,43.322192217788746,36.950778877447696
9.462072172824618,63.841389861752575,66.6983736273882,41.18968673730341
6.179267600882911,79.61751642966811,47.10685618967288,48.306085620316
4.493529335858697,95.61816728083454,40.5853305365452,38.56631774984739
6.789593965981179,60.53310945028333,61.10171300638195,46.868122946782634
5.12427601442365,81.14832917817414,54.75203538270781,45.3191403927359
5.910551103843415,81.57801100462603,64.30002468988015,39.13110027587951
9.473183278988726,86.65565112076405,68.85999433672754,52.28221341380007
4.474923740206968,56.57838425636299,42.186953615447365,20.91943831936777
9.650715074415228,85.79124823410443,46.15016475618728,46.57025001100878
9.148155777604574,95.45162603328205,67.93211982252127,57.10054348272778
2.762120213103668,58.984155443512094,57.15836765863291,32.9858252376247
1.624251707876489,61.87716624619388,76.45867437747239,42.76819135002839
1.9070020123968399,98.56975470208198,72.614582429597,61.88888911321386
1.1639964308639477,59.04884763547449,82.28021814949534,40.335584786526844
1.8499866468033557,92.71925466847895,74.62464133346126,45.6486255240204
7.147060960747211,74.61389282240174,61.49655386950741,51.100275404184615
1.6406978361420608,62.36155372015885,73.64833111972162,51.27218053907494
3.8707806726438516,93.53749506362557,53.76905871277093,45.75875676121572
8.60387779872509,72.26526275013327,55.31567493891063,46.773147603244986
1.209447421622433,75.74086769648451,79.44925799603966,53.74819625406063
8.330216343300421,67.96166846998828,62.32097582007911,38.70445866164847
3.5366929729605996,79.64754257174637,79.91901702591763,46.85811589164409
2.0634834485949063,58.17619362925114,81.12111868341393,48.76895963901116
7.270634488277356,69.55407683258804,82.8781168830642,57.06298330354916
6.660485621018956,98.47061611676438,85.83176179206036,60.76931192192677
8.897248121743477,62.90667163505638,61.54926102566481,36.49660727940347
7.615639394234972,82.8368332270646,55.94334091605694,54.61561355912765
8.231328373463636,66.25950321123474,69.1099373297057,41.24850902260777
3.538311153141758,88.67365628433004,58.55862117188138,43.909318792262866
2.5969558940175053,56.54368303591749,70.05370834001165,40.72968894283385
7.755532764767725,98.49105225392724,75.27929313219123,63.004118825316496
8.261512653405376,72.68947706918196,74.42025092460685,51.70740334225991
9.91454627800606,61.8025231673232,58.72764435100606,42.19919626851076
4.713559092202838,53.67483736650063,48.34301008493764,34.80722052290315
4.348162772135049,58.48789525437704,61.52646692311038,37.96114710531757
7.987716646677971,75.98869742780089,47.12970720409544,42.92130562083261
4.06723186227716,66.85015882156432,84.50485175919042,34.38559553066577
9.376815930432082,91.44416829413046,57.29387303689287,46.88910147613084
8.725714766587107,71.5443761830903,47.72298736116619,40.47710464449568
4.860946246375165,62.435713629381496,41.272387995287545,27.301738567853246
7.757839610123476,80.8572493302015,72.29111931432422,50.979263026464906
7.7908858667621415,85.33886084427229,71.84511587273715,49.24919125687708
1.9281148195233935,58.35209539504749,57.03020832906458,44.16331553662043
9.1229761601161,58.380960814415886,43.58559444238255,42.104255667160245
5.547271352030714,51.83357134667715,60.4814447447616,33.58438552265309
8.438117194969674,86.82010075328202,55.56087475316968,45.3353509720899
3.880446409275506,83.19022638109026,73.85603198675047,48.296318246020455
9.059709056465804,73.7315437874907,70.28896247263452,44.57173811982578
4.502815108607468,92.20852244845986,58.229686409877004,47.90771362108468
1.0975388633226852,90.28350764750266,50.894627712749504,39.00104580896677
9.148437787773373,79.2677182198376,89.40179830777959,48.60715339870687
1.821580091075202,93.41356402566294,62.70008105980574,50.67628168157202
3.873822738313734,60.292060501838414,74.41371178901186,45.10890870368963
9.550557703457244,55.5959809698864,47.02764837891804,30.585733087724265
9.555464322438006,63.48748057584948,64.27948498296989,46.629052550434004
6.160940993109575,52.854342804465745,41.37683599347327,27.575841390798875
6.686534909528193,76.5584764000516,65.2727558955225,46.48980984267341
5.036009697804878,96.83028461474808,88.20087035588512,61.62547043337418
3.638896945282581,51.967177033425486,59.210335649290016,34.64074975940911
3.957980908329244,56.105495700501336,41.94980062874558,33.273485822811445
7.052666104693346,72.60995141417176,41.54778954596718,34.48624051048116
7.77137076493912,96.69375087639524,59.39933799734347,48.95414205095677
8.124211393532637,65.80780524883752,48.001246823159704,36.36310302461052
8.106563285150985,75.36174043441963,41.167604816409295,34.46853715660788
1.8208549274382133,52.0786429525196,77.81068069750884,38.81126825040491
5.449782742323233,57.41716004810444,62.92615044409453,30.539814750270253
1.5180288401497986,99.33150614794235,54.46223859863272,44.289566224321916
5.94575994091362,98.25593482180227,85.00415915082404,55.93195470130498
4.973774512360393,50.24699904672048,45.80694801002628,29.524795159491283
8.989337644824698,97.59058927116195,87.79594144776595,58.00420704425435
4.158235112968708,81.95599689077503,55.698335868867645,42.650772873779644
2.053603147848453,93.39591472600111,84.42018361543407,56.56347835200025
2.2869251384755227,72.73699278169295,70.14714382397308,48.15259640775263
7.85359568545725,75.77980142896251,81.33536798707436,47.02716296475263
6.56396256984635,74.44232901284602,89.2006581605232,45.702476903003586
1.9101040851051123,83.34321287730522,54.420271890937286,36.88286500329927
1.756961255034977,56.98256273781564,88.05677427037965,41.77857099849794
7.30872218313208,51.4986794936339,59.47409474512102,34.45571455579677
1.6548670572777417,65.39649707955954,59.275595236846115,34.213594186845505
8.396740533613206,85.23403813683234,57.01935521272529,39.554130897063104
7.3561800444084655,60.09267260614742,67.07038036737926,38.81078377245045
1.7321390257770979,83.67162166624587,47.707252158924355,41.01365085843177
1.7635394267667273,98.49560230536352,67.68557426790056,53.534916071863734
9.87975620651058,54.69503578947092,67.0852406205002,37.69887014005396
4.368437161805083,83.63010591125632,78.0950906302435,48.19994471645481
4.335779323602019,72.18751096522855,81.68249809687927,43.261822903836595
8.315196105317522,93.40711271887527,62.0220675156212,49.797636660602066
9.525237196454729,58.857489472369295,55.116662467574685,33.76019728961101
9.874009574405838,84.63129761130823,52.96674486585472,48.09465563911722
7.780403667330475,91.90576448240552,49.73119183524359,36.67391590255637
4.386336269778242,97.23071097370116,42.882379109951245,41.99031317074471
1.7515064502880189,84.16240141448229,57.12239894173567,44.5915793829393
7.994322243346931,74.85873820042136,53.512384606539165,42.628238321039454
6.025638247622245,80.8923620100607,88.32086929332037,66.6393930099657
4.817998083222786,93.44524922393592,67.8854413125022,52.07540651706009
9.157189465852625,78.53048733194149,57.363851951525376,39.41090458717106
2.000777340755362,51.519352984841845,69.0233800496848,36.48580961121477
5.433625938617732,96.54743477534889,46.95983506728477,36.344399660904934
1.1021828029067717,84.47633755157806,62.202187460110146,44.041431878185364
5.217945777947136,83.82566928886233,71.31171607105318,44.463113634149714
1.5067294811365362,60.78375761988586,64.44489158962257,42.74823793310795
2.0693612464126474,82.94427351163286,60.08894003271621,40.99000718889211
2.057736220993944,69.69322028270793,89.6924194449849,48.054956827729185
6.842892719044572,82.5616488520746,84.01573810744635,49.5325839684521
7.71440391338881,55.32965151539953,71.17029790797201,49.730003151633646
6.250318885874437,82.89226523015179,68.46886805911414,46.30225371053999
9.659552936270877,99.97068628853333,71.0330239912292,64.32771947583312
4.373835215713337,52.4106019430278,50.065605391121665,36.56315509712151
3.571408776536747,98.85870921106587,59.75688716321593,51.42357605957617
8.817392153705143,70.34539803614354,41.972976644544964,39.0661350022762
3.0123625466750736,93.53767251686295,63.77730187434133,50.36842382711257
9.669002854965502,89.11927420291367,67.15122919788315,41.11038926549719
1.109390272208347,78.3508130493334,51.38748680516048,37.97082909447772
9.728909440368751,86.92246046256633,88.20144235827568,60.65452447832172
1.388439207555185,93.92577806506739,85.4727305468621,54.13044234923039
9.02028802328264,70.20701608255165,76.1071617727953,40.476419331899265
5.749309981776698,66.35165807816193,66.66933143826813,41.943998594752344
9.936683165073703,83.37966927817924,83.49845798238425,62.55863902547598
1.6641690826185898,90.39229709706294,46.532617191173145,47.97760049719186
5.984688559611887,88.11425673883079,79.52548971374425,52.3757793127871
9.72372282057189,89.89068244293173,46.24104069834242,49.486252455901436
5.707880597531339,71.77916574064665,79.71053312747027,45.89752679760735
6.664587743217362,90.89171080875107,53.78837841256785,37.55050392954902
7.261738200861554,56.01045276853042,83.85452905090945,40.24185988552881
5.090869582909959,77.22445489804248,87.2021046912699,59.17875955249868
6.648022720756571,50.28793302490608,47.43979847025578,30.607563127704665
6.258828807307902,66.22929149501351,63.13378025326968,40.09553315053303
9.110422094418901,68.32307674356989,89.04936890813426,49.356711551904404
1.409017423073121,69.80863458046277,64.17037179865733,50.27799183083031
3.528668706330073,84.7733603344931,83.17737612572725,59.92648299740844
9.553703356689029,69.42790506351729,69.436576106566,56.57472686094127
9.012374055018247,72.43468113112652,58.766495395980094,42.17007652813902
5.100910775071417,61.87720654371637,54.28917777629351,38.368402049767006
6.581193380213831,68.662589581467,50.16115455430436,30.696387845712984
3.496430646830194,61.363481363157575,78.08990956888486,50.619261668936176
2.6930904375138516,53.659796188422185,59.3270253411514,29.13438487753794
5.173285644459839,80.17242966906889,65.56377311003756,46.87405291032901
4.180170052234475,83.41063992775082,64.6162740000591,40.59362956107254
6.252905006657849,80.97451730048073,68.86395146165657,44.508368497610846
1.6996117326848634,73.17470219002863,83.2788572812276,43.42960037920231
9.769553268995498,68.98928900896149,89.03696717917147,48.276321860658996
9.875896700316426,93.16668247859127,60.37921042869085,47.31851303656631
7.2834554261777065,75.9540892568109,81.37594610531515,47.371048804483515
5.824867297097083,73.95909388148655,78.22638973273588,52.1522615620071
3.78574854657695,51.282103290321785,68.67644757277867,31.977550712248316
8.324155177362538,67.06239138130782,87.80235718059666,50.89179377458569
7.162580552984913,69.00978093929285,50.023725776420136,44.66487999743565
2.463552454104022,69.94113904484502,45.46321051548107,33.04074402717245
9.198344660444583,79.00861846136661,82.69809834777111,48.60175845318114
8.402835186308522,76.68012733634393,61.957490831687416,43.79979639903155
9.548199219627316,80.39525463967223,82.34844271035303,58.54101493466206
7.531475575495239,88.2441630771064,84.65451025977075,55.85273038602803
6.520736763422109,90.64928693580467,43.122879680953574,40.083873217358324
4.76418732661557,85.90615381132471,84.17323814930303,55.34887577477475
9.39455635018612,97.77618479774674,62.41595276847111,46.30400306075768
8.794575005503674,50.91162913381808,65.52162445021162,41.85460362962512
1.4069680309557047,59.788899284177305,71.32962555466051,41.941381202542466
1.2373027704752682,50.37814374890711,86.31913033650434,39.96506097811912
4.388170301902447,82.37373570773015,40.9558047214882,34.56120125729033
8.294979977036496,94.90152744749935,63.842173415890855,46.50769763841437
9.8854851638345,62.174114828814965,74.38610212152804,47.596345832366254
2.3537520199317536,96.35172723981533,76.13534788491143,58.832525857836046
6.347176438169216,53.01336951447804,74.6266215768554,37.64432916752374
4.428017709679194,96.72180134027572,46.72175647040609,47.09620794483364
9.72922958033143,67.58113436198173,54.96977941858406,30.221830873291964
8.579070308221379,55.07104142246082,57.935776270850674,34.41058477799599
8.54495834240024,74.29358795931628,80.22186038397524,49.61732317559304
5.218238438154732,62.8388283860254,53.93799362072765,32.57192489237864
4.733375521038987,64.24364509809614,50.53524819336016,31.644486321904502
3.4606636473763563,65.36449824631433,87.87240095190481,44.016437436071854
1.507379469858344,90.15129489163317,40.443164255673445,41.24225317376718
8.782501386295479,76.95806383376272,89.89104278409891,52.63108744784481
8.316109082170698,65.56538495780018,73.84106494286978,33.9572224364444
9.997459059575176,80.51668916554593,81.42346497245586,41.97752910205527
9.969731533665149,85.80753371115968,54.730969817309656,43.11511778272098
5.998885350423647,63.63120003667669,40.715763883353,35.992076246446125
7.9208867366245945,70.67745507626758,76.8934759280765,33.702109782326886
9.502891568941852,56.09430466684738,81.7072298500338,42.64296610188294
8.646826516096702,59.05746747673402,77.02380659767596,41.65187354617457
3.226132915688779,84.05589269824914,47.14251436504193,47.59166417630507
5.054897217790842,59.071917384781344,77.67139611284846,41.119843877840964
2.162434736363455,76.258169183353,78.44613910538206,49.19121130487054
9.586459245328502,85.45231308612163,72.92702578350274,52.05467105945602
6.455571710057921,55.34384615473719,78.30579663977932,32.024289123342115
3.0577852495311646,78.36561098144517,82.2960719838866,53.26265507257068
7.045306159652711,62.82813918506819,70.68020571187293,43.94760846022485
6.5631541641210625,98.146343761879,44.430235698483955,47.939578702130255
4.223464462295564,74.17728233599624,64.38139048336055,62.888176162906895
2.022018329796661,90.2996274887579,43.88246673358025,30.642870901127168
7.044158760335196,77.51132710781309,60.37715155162154,52.80769035077
5.68276930813414,52.170626642740956,60.35532445628138,34.593655455958576
7.950865525620754,81.65756877970111,43.30049220701208,42.1044090282773
5.68147151000794,97.57016711033285,57.44102669847396,48.54838552013901
8.669633502866862,80.08059100731656,45.54990493956574,39.035820518221215
5.9671615489703695,90.95944297133951,80.4117605004611,50.94906101993453
6.0484417438184765,94.2103231674204,87.38440129822354,58.54533771508561
8.889882423925105,61.40398859744663,43.61582376289693,27.476028194314715
4.631345795911574,60.60224199541133,87.75576036458507,50.112834863972374
2.2061370560557667,80.54904944254959,66.12882996683726,42.804846620812086
1.2590440868200508,70.55142349033524,54.97828389769369,32.512183155934906
7.796235301062571,91.99306514333603,43.84310376380817,41.61928050258922
6.582785962181182,95.00115616990055,65.0312134035209,56.928571341211764
7.336717912893012,67.6710689651359,79.72577722453744,44.47706558697809
2.9166774535801965,61.8435279487241,75.35432386333491,44.118294616097884
2.2273432802809277,89.0262757621931,42.51130057319869,36.69742883415254
1.1309019910109375,63.740301777406806,43.645091768395176,36.457588109763066
4.155288029259372,91.13071592568392,60.14366413163185,50.4719679228495
6.309259181691698,71.18691268243813,54.76452470239717,49.552179054609326
4.530196405897591,83.37749496457351,51.619216152802395,41.43327217007573
4.937274298213562,54.77676569173341,54.05022494543568,37.96628093422568
9.137428250443735,81.19296623382866,80.17413716484424,52.555440017474076
4.134299203209704,72.58838393686145,86.46140268159269,55.84801457613519
5.625905402438297,79.3304231587737,60.25513472637832,40.53186758847727
8.052877114670288,58.40071038724317,85.30555010662485,50.05805555841493
4.568885040891431,86.8436872472091,56.0747850623941,43.72960922865412
6.598780302050861,93.13985387716143,63.82184931718958,49.40708219358316
8.761273378720706,60.836990004538784,51.30144989079999,37.604803742331775
9.54568561291878,54.78572777600809,72.0238021087922,43.122335192740984
2.323661328361341,51.18192930231682,88.94905575874044,42.38761483405192
9.339288626453449,82.0985750221633,70.17465480216893,50.49125031373368
5.429046637715844,80.35470180443903,57.890704205677444,51.5358307459322
3.324199494690625,77.33487063570351,72.39087229952642,51.17465110652132
5.132221806144352,61.59735480579877,46.14603392326938,38.721678303662664
9.820293177569294,69.54529979527574,84.43295401326993,47.84389578347206
5.4335628459358265,79.72381675930865,65.15419753899181,41.19062528672285
3.958764492587574,74.83834294295846,62.4674871019821,47.55175760170596
6.700607688850532,99.38927601074437,69.29323942267595,57.665231668215284
3.1613105690037377,56.821987627836656,71.23919313947013,47.04623183654844
1.6827699529779752,84.75722770237968,43.58879031132565,36.15701025545664
2.159917497195843,70.21593840521462,74.13086106117012,43.020263561992024
2.152412550619952,71.40998074628074,52.09658401577648,29.715513636237972
2.3671242416106493,85.87988828290881,75.69763162532949,47.45775013881139
2.2494445538446914,84.62180756621848,81.12673971920984,55.60719456006361
6.767872703228932,99.56279968510941,80.197925377626,54.30288970397121
2.6369207595923037,56.41971447270626,67.62504837039445,41.470596132771256
4.111005549914768,55.20548246920832,66.00849461553756,37.056079815400615
9.071095689154106,86.21694085643705,47.14379806697059,45.256945093791735
5.265654762365851,78.91934585032045,78.76730752015678,43.673800967011175
7.008019646689244,63.70803332799029,53.570469022335715,38.412805811943
2.5508788408146685,53.97096844944933,64.83477114089733,21.70639355892625
2.730601169278037,54.282912479821526,54.21370464637583,32.7067448147605
1.3678175463983098,94.70954373320592,46.691418149984656,34.81504936494079
2.520415567649481,59.59336623593715,71.47788484458682,46.35951413395106
3.5073130512876274,66.16857810577604,42.71660174114519,37.955515938413974
2.5930943584907213,61.3328201113494,77.43226170631,45.000117198524514
1.7983228038135004,67.74981529159686,55.87933976305583,45.413106773718106
2.085722839905407,53.47119213730467,40.00673465022427,24.133084568096656
5.147008912294532,75.95298954541352,65.55645696186149,53.2484535066781
2.8570034656521326,53.380628179610746,42.34259542638016,34.52072628936004
4.278428749432679,90.01782539111808,53.80847789104497,43.67648604832726
5.530755437693712,61.685604095521654,75.3488243727858,49.000731451484434
7.213553457664288,77.00059573022553,43.13448108109329,33.39447686440319
1.3538092585698904,94.0039543780729,81.96692461780012,49.2102165945515
8.194693590181384,82.5438684523597,40.19099613292916,37.05538819546071
6.6511035054181695,76.64788932756676,52.34119346009511,38.712277698145755
1.7358312875398472,66.21668765576878,77.04520280760357,38.390111440226384
8.862207616960994,66.6500956529099,55.81350748646534,46.39937932407359
9.287851604786319,83.4743477599095,45.094619403300676,40.991558789028424
1.5497016386937736,99.70696806105838,58.0116959400214,49.69800469758584
3.4918988333248335,83.09195949246893,53.51966431922628,39.52848984477009
8.255811518137552,77.88917086850125,82.13559510802774,42.206737897471136
7.734337213452926,86.5325255119623,55.66739587925716,47.10399809470412
2.6606891742073957,73.26028061418592,79.44662358880036,37.315072053479966
2.8841439100303927,53.00711713003926,84.59360724053673,42.090704644757615
4.334248925122438,78.1148407938955,61.69087097882648,36.83383790770152
5.360706866719192,97.881264225269,85.4971571927196,67.0941891682383
6.564292943772664,58.76514711788298,58.865902698159644,42.471845733195465
4.320222756127952,84.50024454103328,88.20392082450542,54.06810766847019
5.162812445198331,60.04668443295282,44.46447622627865,39.73700656412212
7.727238443203809,76.79138422365406,74.35096332516213,44.2020197545977
1.330148826015381,54.83382248233598,64.69070202284644,39.106813775311345
3.2719324990961867,72.51854681290925,59.382440272782354,41.878121293939515
7.420146272960972,87.8081664447623,71.63559393743004,52.121287030510445
9.056861539184794,67.37857621194911,75.19285458171656,52.75594135430746
5.6050969790409955,83.24558622436089,40.21816348251546,42.94362421757831
5.789021367387841,89.77249803948646,48.347654437359935,45.195272604134175
1.9645481020579845,96.35889097397263,75.65230253171593,44.114740111388286
5.026711301411092,61.73210409277267,73.31927067891033,37.72586547567202
5.793555398095209,69.9657957904654,88.30237525643386,49.18432880532924
3.1822345327125667,57.62080066652087,78.05188951253915,42.44156273818629
3.4231890785444286,99.62417510791876,87.53863538656691,51.867100156393846
4.395557467941604,96.35004839621476,75.12702507674035,65.25972840695528
1.1806407799995373,76.99785651402797,54.90261043197216,47.62436667206772
3.8987124902486046,92.10166471882107,45.268246112542826,45.781049847471024
2.9030320629689017,76.04789886360211,79.09119316724679,48.06312474086095
3.9474761696012317,81.17928440013799,72.2074610737958,46.53396926051487
2.077859186373261,54.456221605800835,42.40930061966481,25.131208042077816
9.014745526659055,87.7635210248404,58.00252329504892,47.72311409922473
6.342332081986438,56.38567418176174,87.8399907742143,47.09339502030114
7.111920872300407,91.30338151262642,65.02005728551006,43.53299711095299
8.102541147466045,89.1014043835193,61.63645680098523,50.133256900562266
5.485979790361515,85.43723488714882,62.8849802579647,45.91476121555492
1.7822825927868133,51.80801902623811,50.444136200258185,21.84952181567666
5.83395887636693,65.15641779726643,58.43535854323976,35.109191398801116
6.281570062187912,63.155628495542146,58.49066279935883,36.938487746237236
7.70895526765897,68.00682037357595,42.61775100937362,45.70939180864941
4.884935916067114,54.382137338191924,78.37838142589591,44.564895618321984
2.148222725160074,96.84789115155314,60.82522159519395,41.4838150685887
3.55398315218852,77.69011203561881,81.10899434082117,51.49150662089559
4.267740667587716,65.27621553290118,82.51740005599477,38.30866099901204
6.8132551719844106,69.84907585371417,50.599702734932904,44.27339091482325
6.137004742020207,72.36012702524178,72.86767410850644,43.66751897784315
4.204870533080616,80.02971666803086,63.614090208149086,44.306909332390376
9.878637239136816,75.7839713848249,84.00783689607425,58.517980617635416
6.451973374211985,95.96959866072086,50.787033958822704,40.171961292626605
3.1350411256239505,74.84817414529151,73.89066001550222,38.890075772922735
1.9160422535836337,99.60790074116564,70.38760611263612,48.847072325843946
2.375732252658988,92.57124788725478,54.765073878591636,50.34308368591411
3.213619555460573,60.42552571786679,46.83004518255863,25.86538871492764
2.446132359336001,96.52976073219581,72.58198802386383,37.55119957999945
2.679103216461752,55.818319894273806,76.92987290661654,38.64030483480681
3.565856518244624,90.87248542455958,55.7813671881675,48.181202390670585
2.560362357652793,69.03116467382901,72.2416302011157,49.407292154238675
9.070888821637826,93.89871602225347,59.75654538057516,47.40912713907673
1.7221037109547799,93.40283450537251,75.66034416413089,49.350662049652925
5.720602506132292,90.29627000588106,49.96076374470265,50.134854798906765
4.693571442906954,89.50152181535307,84.51075013180872,44.732401662834214
9.841407552177458,65.23395695490204,54.370479823278984,37.875290178410246
2.008350119512471,54.04596415256261,58.38929938780765,35.48603855954135
4.580700391411675,70.14900893825808,42.90459760401749,37.99445572567251
9.72523389947832,58.67622574932543,45.57561061606382,32.61661100345369
8.789564133045822,84.74755444512309,65.7930951356164,48.850225585969376
8.353648638543518,67.30498632688928,53.379633836398575,27.105208737338813
3.3211254434044584,98.78051004299574,81.77401128710972,52.20356451472417
2.5379882865105925,82.04860386726659,40.734669432747694,40.11772086738086
7.017788979319879,91.12402818171805,58.95470243359681,42.919264605049
9.364383902148273,56.62623363709242,56.867277338454635,38.088727961471406
6.010866037125368,93.10072411363113,40.966381545880054,44.85884061671699
6.144514205229099,96.13785952566971,46.21841995002551,43.451943520511385
3.5198118429425573,74.35309594094679,60.682133745931765,42.77081249822344
7.925436398727432,80.31264688754888,64.64322922237233,41.84327456604427
2.6833937370177106,88.24049004514977,60.214487362743455,44.576794318694816
3.913113127638193,58.741931363020626,66.5468839206047,42.20297068408898
4.828927947547751,75.12830382317212,69.75658374528408,46.18190225439813
5.568493408160095,69.93315138861566,40.49619105639178,32.423543748946585
3.181687591735722,57.31869960811245,63.204757972675196,38.55079433238455
2.033531422652832,68.37672111457657,88.17496204437941,51.351966469931014
6.495580381974693,53.40861546927468,65.95161400647743,28.156594602628118
3.597674979162302,51.29059534747435,73.87711337294766,44.78475293257102
6.231143992803511,56.758314457741136,55.59319289584416,34.516636109791634
2.389264437467821,98.15575557945868,78.69956890763812,56.13975278731731
5.330260916693358,77.47647679475085,78.64607409380575,54.955104251470466
5.793304892964272,98.291108057661,66.06480238270694,44.76572660314376
1.4664118314018422,71.62489391650661,88.80069116396068,45.16703524456319
4.029438503745285,65.59080665426298,46.27751073813267,33.72952713983828
2.209732092450768,75.3070931420122,40.84738324447905,31.81146814730554
1.5703747342549097,71.9755844316455,78.50791058785481,54.4478812787361
9.909642091509507,55.2832342130872,80.35777686824413,40.37229969186924
3.9011846047725065,82.0413157345103,46.01036145602881,37.19824310163641
8.288870012691714,60.80190912547998,53.2791416479303,38.56180839511465
3.2917658928738747,80.97939774489149,40.877618168331445,31.863063500735983
7.133524500015364,82.51005461990766,54.665430539028236,42.027651788905594
7.842050739007179,57.601242656432404,78.65709369593358,45.60158750756354
6.360748665470599,53.06748135553341,65.89802638562895,36.56964976662439
5.244185696951425,89.038079303422,57.404779658414405,45.56359767283174
4.706568227325417,72.99002118846602,58.586964745316514,38.709062508823074
4.139814398886958,52.90818977527379,40.06768128577341,21.976335531965105
9.365762298230432,99.74331585848836,54.990026378261796,51.77427364701341
8.475574670089562,52.88902804981833,72.32293708189653,49.72848476578649
9.685242195998613,84.75176144292766,88.70972219081786,56.00455012244029
2.1186750113699024,99.18394626317068,82.35304134919497,56.4348868744954
7.577807276832798,61.95900521079628,41.17974823227646,37.43636271923924
9.44506411138934,57.11246843435981,84.92803023374196,40.04352276225277
2.6310975954909415,56.069246971121444,79.15992066493129,50.133762619660224
1.5984664063009975,65.16375737837978,79.01880617854903,44.90579961171305
7.670085843610531,55.052290550532334,62.89978795017858,46.61294238310303
6.170258018619207,84.60806708470659,59.90026464772514,42.15543774955726
8.576458990824449,53.114589906503134,55.14578644165963,44.99900611356773
2.2579513896366055,75.47110640748949,43.284742947718286,40.405712832590886
8.15740580673901,99.83484269264883,51.41176817468495,51.40214601215753
2.8146458804297008,90.69851347530094,52.33018174890123,45.204589191198274
2.4729034857913406,80.76097191155054,64.20385348551008,43.23596592306247
2.4783921813789362,65.31268103933058,77.3722203298347,49.799485575670516
8.33117248208244,81.19479181458192,63.69049141989733,47.49985331241698
6.986774986265801,76.35207319558258,42.89222247235803,28.73265017695274
5.707588822922074,71.30416919451858,87.8894900494102,44.45520099381245
4.229474357111522,56.535518837009974,87.13621595470562,43.864081419395546
8.894804867317974,94.33021076202334,79.25947715742042,57.18482323858809
4.532005966803719,72.48923244106612,89.56639507821103,50.146548198005156
8.349394955244193,59.73112559103825,67.22411664001315,47.52118460038141
4.952214177131966,68.38796754386448,88.13841751266031,39.1832918676171
4.392499864824169,70.70648762644635,43.78025203083754,36.820961525640634
5.164118071026458,91.37689477834371,58.28403741306857,37.8740307588985
3.7124008674772786,86.6807190280701,51.26906340033829,46.668456552934266
7.72848442158626,88.46524468206698,49.7916542067135,44.096169863058634
5.5244835108323125,50.55156322143236,47.0401474446338,33.58535646427336
3.0899142563213555,70.80769990898807,71.12068207829984,39.495065495766084
9.096171159471115,74.06720758176618,79.06609278736525,55.975783232816624
4.455020992358903,50.95961384115284,68.91491997101804,42.95299186088908
5.891975750025898,62.99066043725171,47.34813547941049,38.37615059006846
9.158248998680923,88.01449115610674,80.55618849667354,53.58691726098925
6.618141963225929,56.855485286449955,71.79773535818643,44.14250940515695
2.0520823663752767,76.76550657262959,59.408285306349775,38.13850767030718
9.458489112521276,60.76009360086188,73.70651477680315,48.40115645341157
6.6493724776427605,50.60603873219466,52.995248962141645,41.9875397709776
4.014150531913775,62.06007287997707,57.25961042471053,42.75461800406772
2.2534486539704854,98.7936877455027,85.87429215659951,52.653761083181806
8.146226703432664,90.07685559414948,54.52522528357102,48.446201531054726
6.580654803356621,97.97883221605167,63.49941340789683,44.610027889733956
5.801149827786894,74.39270219631813,84.50705686980073,52.85233920682879
9.045033247458619,55.48680993387518,75.38606751337637,45.13289359747161
8.097374901020777,77.39797444868465,43.110161308235135,30.042308989823425
2.365073917594761,72.71886672799805,47.36515221394852,31.16231603006005
3.805498610159934,92.2178541369808,40.392079538595844,39.88948506301813
3.236402258330192,54.90412903921223,71.54608951145818,37.725327732829065
7.695516633154092,74.4120568510889,62.38367127052092,38.069540412650554
1.3017919126220145,57.50243323469921,46.713742545113774,33.73046314575362
6.129007163841849,66.23379634450299,87.89670605283852,49.94812162944175
7.862128171666215,86.86785386938999,66.482986197281,48.17875762877518
8.890890730855745,73.80090646843833,52.09466470564446,37.54607014377532
4.078735738443167,68.79441425728847,65.03017855773538,47.02240777196723
8.391315742048116,69.72381392850177,73.98101663675538,54.745011031837876
1.995685632596865,72.97233842029934,43.81196089867822,33.41575662949933
8.618070625610663,89.25082719185284,53.7351907523946,43.28219904774439
2.147397960987842,94.60423444701172,80.34827454419968,55.800750208818535
4.575585615043305,97.76673432519641,62.98324352013306,48.26508070088123
8.175658292015981,89.34516931276475,67.32885710161474,49.575485237804074
2.349256846138964,65.77034478740063,61.640800110473464,42.86131196644117
3.0632625570937733,84.4067353043271,42.194997132150256,29.659044316244255
7.500273115537596,71.8801562027696,48.2874889910078,45.6419144286116
7.480328828914669,62.73353110230256,62.27708193709454,40.8587180650317
6.770328695967676,92.04357897129613,50.459273270396395,43.401521428083925
7.2455360002039,51.92131744811625,42.49895143298394,30.77812429330437
5.884519990128366,95.08809960677118,82.18248320259119,55.34712961396265
3.266191530162575,73.0738732312367,89.0596264582058,41.29052000167316
4.111263941535275,81.86007384041402,79.65714369983698,57.57436197595558
2.634379451212831,82.96769611028913,82.68924608523335,50.95746260049497
9.176055052002654,94.75588703532682,52.09885651585227,49.941855738391666
6.250526152895084,81.83348410836037,88.03134877565998,58.217409179234345
4.607662750872759,80.69667923800309,49.84628522267142,35.90014215074996
5.1580522327971945,53.3326020280345,87.57149051809162,46.701808152132855
9.525550056506338,75.9204010972602,89.74096469829755,52.17042430677589
2.380162628044722,57.50845004085208,75.58614028730244,45.11429602574672
6.276068488151175,86.87168843607428,89.0571865895911,44.65295280120261
5.5529981099601935,75.61109604063373,68.47698897835518,44.952153248474396
6.503088118911831,84.01138896041766,52.97708915880452,40.68367540441158
1.1629916543875645,52.083645030119214,61.84979428328104,36.80654320894588
8.849115180497364,54.23960080229016,69.6780467689393,43.06516128040879
9.38906454235251,85.81616940313411,43.65407810135075,39.05857059417634
6.086198652302881,53.60421679993367,71.1171632308623,36.29002414927973
7.26985741489203,53.56283638826293,89.05889183811473,45.14113459108347
9.302494430595662,50.605423761744376,49.50538248918638,29.271028510941452
7.3651477088205874,97.82506991497401,79.62975581441916,60.39242527960682
2.3728513862283522,86.87541797295034,85.39493968898097,50.7842118508335
6.186595241501319,67.66257042510321,87.18507964101104,34.3939920198266
6.460435417445703,64.82677906438276,88.00678022027236,46.560131669265786
4.817176041721474,67.48516148729247,66.0729819360736,36.80159433947855
7.627998120622506,88.73267655905909,88.86539539957519,48.174241758534556
9.409303132921133,83.06853055352072,77.86551035672194,45.85680033512838
9.330116616160987,59.259778393373395,48.083571811848095,36.48209406719569
5.057554342637189,58.70546676670422,63.845005323398496,45.43136750532685
2.019142412566797,54.91978248566986,75.9165587686002,41.62448171063264
9.863570790661012,83.0151359850669,52.36701579095417,41.52755690799203
8.550082778013408,88.2186331110868,72.03075917744437,53.77437177361823
2.1219641308294017,63.2523214162502,73.33002395233096,39.52803771181115
9.28757694355635,51.047248051545644,48.13498719042829,29.996699504198993
8.829067258559155,54.10858337382137,68.25426562263782,34.46866826119649
5.669542514134649,98.39300174225153,78.58134554893039,46.60097715924984
6.321478921704363,64.77223887387102,64.9447832267971,39.49407966608495
4.591024334831173,88.46115739190668,40.60515583880537,41.34657115274675
1.492854749398282,81.23317844271318,40.45192345396461,36.6195541186882
4.016775174813109,69.09698198264479,57.85146719850061,37.61141018453207
8.225681037382103,60.28436310977776,86.30970342158909,42.539762070878986
1.0416882070414257,56.06932090797032,51.43383898018044,35.708854207686635
4.001492545220298,80.75064840194332,71.71818444358436,40.7555872720135
4.58351824231849,88.7316890318894,51.103793534666025,47.664191636111404
5.836560426441306,82.19521267705653,56.08349948297743,38.80715272395309
9.278700547714845,76.51510666245792,82.4021044800742,47.6244673750804
4.1171139492936515,52.097561171581816,76.44307211349735,32.875109612162824
4.122578817066049,98.42443887971919,44.76996386566053,42.10034161601215
7.637511232987736,89.93570958272872,61.43510104932168,53.342809975200105
5.069961468008264,64.64110183504823,41.458488182263224,36.43600203461653
3.021443406459838,98.99851646794252,64.04450733015045,55.013595062152
5.07195564519424,80.09407948181611,73.1217005850534,50.60422900780823
2.2677131834181985,79.12113291036232,45.92513117990758,32.90261535779641
2.58748287855601,87.4036589714766,54.44424694545828,41.93541880486508
5.4853099546553175,90.58848940450687,59.89183127510785,43.43722454015923
4.770329045540931,82.82393036657513,85.97655123280248,59.20115061822486
9.2336131096129,56.40478731831,89.66275077114821,41.529763438551065
4.261545092049698,66.91337529972492,42.24556494978079,38.92078855861715
6.225295152502391,96.40418201630249,78.0503961747696,59.29126086886643
6.690378591275773,61.230780592192595,58.586203320117164,47.76934761878367
1.1178501092950026,68.60835119187567,59.622909311474004,36.868085231575414
6.971836348150395,71.6038441472098,77.71324866735114,51.145473181529255
2.6023237018277627,71.97024948472261,85.92132160727044,59.81665999102323
9.649632857225097,80.64697912472627,87.54642972512741,51.22966741317766
2.3379645497780164,97.15379188723537,68.85612930191604,43.062960938994834
4.731617113543214,62.034635591625246,57.856057965025144,28.459804742873583
1.7681470127077947,56.0750688150459,79.37745429293896,44.90657588178524
9.971868266613527,59.873524492996864,52.55006916311501,28.300074363186056
5.519755092981184,94.34624501046348,68.20370144167589,49.111290708144665
6.358465155880394,82.2905406327603,57.92892307624366,46.79579111024815
1.6036882964958474,64.29533946195801,72.8315536853938,42.705420946953446
7.7496442335926,90.79734694843086,52.019945644675346,48.07226979228976
2.889150337860272,93.0684998181718,49.57964728674129,45.06155354562231
9.082488604966423,92.3257169345139,85.91195433377186,63.49862588903927
2.8462567643380643,95.94632668197772,45.09018414747685,38.6878740508776
2.716189485972999,62.612051008668075,65.29789538674657,36.07448402072093
1.328947010632854,87.75209643731392,51.04263914815044,38.30670225353833
5.248602505989993,73.026974863707,41.94649816628337,40.74244197070616
6.083570199363548,92.09992764450308,41.80094091457132,47.10568158944305
1.5913777548551713,86.42453385808065,48.76108860529136,43.4483644375462
7.9797485502550956,88.82237232498623,83.33851772530002,60.757634769637555
5.079599512732249,82.80809188405357,54.12393719885134,37.22124419308247
5.7195124239482205,58.87143847348534,87.52295852876479,54.54224462801001
4.966864722444053,77.25134594484692,69.08111464945968,53.50267717583089
4.606867547877934,99.23348697622541,61.8307094884383,53.840115944779015
6.036762981773961,96.86940332485594,69.00444173347273,61.08585325406348
2.3971622133764123,52.158686789850584,65.83491926131339,28.073830662310883
2.63735317445744,58.24074078647186,77.93881268786626,39.286566630771155
8.756070589121656,56.58643867272809,54.12480329864261,33.03928352365011
9.515039159202695,86.29899549926478,57.652519580015124,50.59886680625177
4.359783846517777,90.88926649284726,84.70471512666253,49.17140432644932
3.436702058291984,60.675568315533596,87.32282565752027,49.56167476192038
6.795995889151142,75.29263464759146,84.62791137432373,57.54724288221858
4.678607539882868,92.03515140056,60.97239969786568,51.24972284590085
1.2284772009431038,86.64007723831253,79.01827515034408,51.60765171528173
2.4053733762957132,77.11186027459242,63.81678666505494,38.30137672790874
7.443750059626578,79.51738452293864,64.87699260730511,42.061558332296926
6.930315477191362,75.418027345814,50.234005452864196,46.71583055696333
1.2438639325313514,64.87742256594103,69.55651516292582,44.72447191119926
2.997749457396545,78.2510996429508,49.306794887667394,39.27137054525636
3.0796731692926427,84.44426510250453,56.57823495335969,41.44907155564687
7.047034692388555,93.66614579304039,82.75151008099675,45.61507127360968
1.1773948397892773,81.8145676989624,50.35379046054276,34.767203290345066
1.9369772378611647,88.0560768521579,43.557914258671644,49.81608366409195
8.199244768358703,58.003581747728646,43.45037963064082,27.313608465841984
2.6069019584890025,73.07787372098949,87.03922602515539,50.025289813344465
6.874714970666872,50.46658099135467,65.34602189809173,42.53088672107666
3.1436450294205387,62.33394322608115,60.470603590850914,31.824208716836374
1.8949725348341064,86.32308575565024,80.54392905039592,51.7416458296529
3.1885497189950867,99.59049756746816,81.79129639552579,60.37953576404949
7.500402386700932,54.958904979360796,56.60955165578023,36.533194554758936
8.701268212956572,70.07471579306441,74.68090287368976,61.24920816354272
8.471978781102925,90.00354843495798,78.55614079259433,45.61370198631588
4.5746517665660935,60.20178173144494,72.73253434329773,47.003798178468635
7.012766229135815,77.7542474651143,47.57975374000497,39.54129816620778
2.844858658742389,86.65356480148374,83.79415417585285,56.13185993088131
3.6383295723491194,80.79927251300896,66.95472763680044,47.9880676323787
9.067022366690077,59.401236730770805,54.123621318500184,34.018485375907346
1.1170173115966242,67.76922843428697,61.261409271884695,40.30098019878685
1.7695767776902127,89.18958922426987,41.87855451994537,30.738766577349217
2.870976296314246,77.71132570660083,46.39334006112088,41.39602775169918
1.2387898348643773,50.261480677145634,78.27733752579304,40.54795372477998
2.632918915808176,88.0495380014047,40.00058173776831,42.66150433129068
6.247374048727229,51.76556774701196,60.82829142411461,41.56769899626461
4.792820955332481,87.2866891365616,66.12550905427942,49.77888704043385
9.034045399692774,60.124028008261874,42.731721000048616,35.21078996136164
8.356992055645968,97.90367400596901,88.65390814861664,54.90472978532762
4.076356165280884,68.39703756510423,51.3062665624836,33.98042988614344
3.3348109008816325,66.34658081690395,55.20993598181404,43.73455250085471
4.417231673505402,57.44440251662223,55.197125612751364,42.74102813674413
6.31265448263327,65.28021077451075,51.520833105867496,36.37482277560651
3.4125727674058863,93.83253809141003,40.07369110431557,41.766911601946404
6.617340170642207,99.81671688136237,76.46723970439982,51.00905116901671
4.684704869721164,68.41547652534241,88.34227498996427,54.76499162881769
5.968424627667822,72.43053154772713,51.21467416425225,42.80801568311983
4.92513876221785,86.10354691013686,73.15235959017113,59.45291463729828
3.650191835877259,94.30978902325373,77.09481634793576,48.48984295980905
9.53607976265941,79.6522167093392,82.42126895452623,50.5464381091323
7.872452147437848,69.57628490889147,61.13145985068046,43.518533899474576
2.261018581898073,70.63109204243119,55.146545282021464,41.870146318723876
8.816211783081215,84.78090732484034,56.264756701151555,44.76184573329189
5.386880784245623,50.16091318021393,75.63106665492563,35.52754081197162
9.050970042046822,80.97946687299203,80.8389733252818,56.57295772091874
8.198697303525837,67.77465052206787,49.08069838783013,41.94176040710764
4.8269215402231005,89.7098665638542,58.547050407888264,41.82647320479335
1.2022237748810567,54.64953199115661,85.0970098374575,49.18206606406414
3.4180962344645147,79.41011334741953,80.33467598473696,55.141668839415765
5.874707931947802,74.04864449430619,89.2429201381238,52.00883504874708
6.701303978435325,82.11627629526137,77.71241298410403,51.027117687063935
3.3209891688988207,53.24267972414842,59.65976005139611,37.969416455802424
2.254204666655417,78.99918937140657,69.53189169973189,41.15249083672241
8.514372131193692,78.07422939797618,73.05071271236602,48.89338888140055
9.85961962633197,78.03300472080855,43.922790815856196,29.768668788486313
5.731211640724172,80.17438332982275,67.22484795519325,50.89453226930914
2.5451135726347314,83.82339686131812,75.46604142363049,40.99741080232917
3.4507659386743206,90.24944998403848,48.366065200053015,50.48206007284217
1.1655160889272005,63.49103600641072,79.03158587127785,41.572392529045196
9.228689259044492,91.2524705090031,69.18863902570558,50.76547365437452
2.05975974601127,74.91278411317268,87.61108928487974,46.44239638739771
6.188648279628282,53.852913956716556,42.12111491034459,29.827473602359277
3.466496986184854,52.92754646219896,53.266306877773346,40.33741152220581
5.9876020226421405,66.71191593480305,70.0776939649912,30.992880496319728
6.862783495166778,89.24484885557338,54.82799561029653,52.35179366826862
8.467676233364815,85.3840467370458,75.72120820356211,53.40876438103684
2.8577914458454288,89.43074823362032,77.95026412609656,45.322312046967156
1.0989624579263242,75.86345282208046,45.125798203323725,31.359798325545597
2.2319706706192655,72.00994989777453,65.69272321033839,50.58555533672259
9.100167776632945,57.372626335314195,65.4445277795528,35.75767894539962
8.865010698062637,66.40963768046558,58.46403851077706,35.24135458361805
6.376717919532775,71.70096830869376,86.6462431284836,55.74142331078996
6.40465174390288,54.43002148398086,81.37531599366106,44.99622632228329
6.9853300709163,61.03059763556056,74.86046909548185,38.87182416499724
2.5783415076110465,79.91126470318694,75.71633178674988,48.80274042704856
9.229707513324637,86.7831557119595,63.085807190655956,43.523808457913105
4.768934724028658,99.91737556964748,86.0497260548288,63.201811369067364
4.448246754245477,96.65566656717789,74.72977136266427,58.5017849050165
5.670259347545538,82.12825997675958,76.44905308279081,52.501328650993045
1.4226937009754954,71.0624026647036,83.08454518936726,48.62146714284654
2.4965503188047147,81.80886823541164,53.70357946710955,50.45829506261511
7.642302547837334,89.2825809040116,80.35354519333515,53.946190485280084
1.7451880113261382,55.91680954616937,49.7620301478246,26.492356485624637
6.428368985197494,70.4952444848144,57.26709761224439,43.147419787358174
3.2081419871318886,91.99011428178086,56.78052271349213,56.344683141120214
4.503660526377789,69.1916475966522,88.92627341945703,44.16304304945463
3.598243630936299,78.59361356135932,82.82686118739633,48.05812604353128
4.201054448184542,79.38846804310991,75.05849307951298,50.096740306567945
7.471413146658209,59.22381265668197,76.35283808076952,43.39203623487003
3.6740954406085753,68.11177208261442,68.10363972012856,37.42274381517976
6.097641762672074,66.72556443709661,87.35453335542596,54.272375323977954
5.284453619791897,51.30983542660324,64.81293764411808,48.55081697921945
6.973040488263833,51.209588194567765,59.02588549349473,36.840515596843815
9.431467653922821,91.58485218378868,48.15176684657955,41.173231321999594
7.593148874892252,63.65354049864062,79.31028261305289,38.181603858197576
2.934463407316811,75.90393831194078,76.72219660377957,48.25150574374873
1.2806482155515622,64.93627867943866,59.217751926206745,43.27785518449553
3.360376398698426,97.03396225576702,41.25967069796147,45.208079178074826
6.355701376302293,62.964837943288686,81.94986638590053,46.00467264468341
1.462832321358253,71.48284063694675,40.57089917270368,31.254896612491898
5.467296224811127,93.63651252423008,75.18498898145255,47.37255077803879
6.371585640252003,92.09667833959043,88.51285548630285,60.905251035493194
4.008195017352648,59.305070892313864,61.88306640741017,42.5285773037862
7.938209833712397,90.13216548978552,51.74867024979764,38.010885721906234
1.9593842782039461,72.90934433689463,75.24355050216909,53.17881705390412
1.6762400356222789,74.14844360426775,80.85640710077925,50.042307330233015
7.55369880583243,56.67399862079719,67.32151580389237,47.21810707546881
5.459421845855786,54.03007568785623,88.35176376280731,38.1876818311158
7.195621567849624,86.39696534868827,42.583436082898054,34.743248279538555
4.913446047433716,74.82305761776499,65.2397799152264,43.23938313003442
3.2176182991519613,71.84253513075898,75.9226973661275,48.130539203202694
8.371920859067798,86.47541143261984,83.13202355745895,63.212802955285575
8.194742910720812,88.27564494955548,48.9627805953895,47.97981939684748
7.252268237689841,57.94540838346768,80.00017408818407,43.0711756525113
3.449306235069664,80.51125747388207,67.63535378592726,40.6918598336412
6.312076001821784,56.76770411388428,59.82768409949816,43.65344972833919
4.248765072460241,87.56875430145229,46.58575142895468,37.12233061935261
1.8242386599397074,82.84775781335698,83.26478794544562,58.705801965478265
9.255822179160186,97.8307310541729,47.863660408985766,45.98872306257912
2.2313676782706526,53.44790081782106,55.489392960454964,41.526645567880315
9.552136184387223,52.852736057562716,54.502276598121846,39.42201472075665
5.014051956621602,64.10935373466,83.57070170954272,45.624659968697166
